"id","vector","h","s","v"
"calvin-coolidge","#000000","0","0","0"
"james-monroe","#110505","0","0.705882352941177","0.0666666666666667"
"john-tyler","#251515","0","0.432432432432433","0.145098039215686"
"george-washington","#432929","0","0.388059701492537","0.262745098039216"
"richard-nixon","#4E0B0A","0.00245098039215686","0.871794871794872","0.305882352941176"
"ulysses-grant","#400E0D","0.00326797385620915","0.796875","0.250980392156863"
"richard-nixon","#801815","0.00467289719626168","0.8359375","0.501960784313725"
"franklin-roosevelt","#4D110F","0.00537634408602151","0.805194805194805","0.301960784313725"
"richard-nixon","#360200","0.00617283950617284","1","0.211764705882353"
"franklin-roosevelt","#431210","0.0065359477124183","0.761194029850746","0.262745098039216"
"ulysses-grant","#1E0A09","0.00793650793650794","0.7","0.117647058823529"
"ulysses-grant","#330F0D","0.0087719298245614","0.745098039215686","0.2"
"george-washington","#4C2A28","0.00925925925925926","0.473684210526316","0.298039215686275"
"george-washington","#503230","0.0104166666666667","0.4","0.313725490196078"
"james-polk","#431815","0.0108695652173913","0.686567164179105","0.262745098039216"
"franklin-pierce","#4F1510","0.0132275132275132","0.79746835443038","0.309803921568627"
"martin-van-buren","#461915","0.0136054421768707","0.7","0.274509803921569"
"james-polk","#190E0D","0.0138888888888889","0.48","0.0980392156862745"
"james-monroe","#54140E","0.0142857142857143","0.833333333333333","0.329411764705882"
"richard-nixon","#6F150C","0.0151515151515152","0.891891891891892","0.435294117647059"
"james-polk","#461E1A","0.0151515151515152","0.628571428571429","0.274509803921569"
"william-mckinley","#240704","0.015625","0.888888888888889","0.141176470588235"
"franklin-roosevelt","#92281D","0.0156695156695157","0.801369863013699","0.572549019607843"
"james-polk","#76332C","0.0157657657657658","0.627118644067797","0.462745098039216"
"hw-bush","#39130F","0.0158730158730159","0.736842105263158","0.223529411764706"
"john-tyler","#290D0A","0.0161290322580645","0.75609756097561","0.16078431372549"
"john-tyler","#4B211C","0.0177304964539007","0.626666666666667","0.294117647058824"
"herbert-hoover","#521912","0.0182291666666667","0.780487804878049","0.32156862745098"
"hw-bush","#8E362B","0.0185185185185185","0.697183098591549","0.556862745098039"
"franklin-pierce","#7E271C","0.0187074829931973","0.777777777777778","0.494117647058824"
"martin-van-buren","#5B1C14","0.0187793427230047","0.78021978021978","0.356862745098039"
"martin-van-buren","#81534D","0.0192307692307693","0.403100775193798","0.505882352941176"
"franklin-pierce","#621E15","0.0194805194805195","0.785714285714286","0.384313725490196"
"james-polk","#8F3C31","0.0195035460992908","0.657342657342657","0.56078431372549"
"george-washington","#833126","0.0197132616487455","0.709923664122137","0.513725490196078"
"john-tyler","#3D2F2D","0.0208333333333333","0.262295081967213","0.23921568627451"
"grover-cleveland","#240B07","0.0229885057471264","0.805555555555556","0.141176470588235"
"james-polk","#46150D","0.0233918128654971","0.814285714285714","0.274509803921569"
"franklin-pierce","#280A05","0.0238095238095238","0.875","0.156862745098039"
"george-washington","#553D39","0.0238095238095238","0.329411764705882","0.333333333333333"
"benjamin-harrison","#5B2117","0.0245098039215686","0.747252747252747","0.356862745098039"
"james-polk","#45231D","0.025","0.579710144927536","0.270588235294118"
"james-polk","#2F0801","0.0253623188405797","0.978723404255319","0.184313725490196"
"ronald-reagan","#AF3A25","0.0253623188405797","0.788571428571428","0.686274509803922"
"richard-nixon","#2C0801","0.0271317829457364","0.977272727272727","0.172549019607843"
"thomas-jefferson","#3A1710","0.0277777777777778","0.724137931034483","0.227450980392157"
"andrew-johnson","#080302","0.0277777777777778","0.75","0.0313725490196078"
"thomas-jefferson","#8A4031","0.0280898876404494","0.644927536231884","0.541176470588235"
"james-polk","#7F4438","0.028169014084507","0.559055118110236","0.498039215686275"
"william-mckinley","#511B10","0.0282051282051282","0.802469135802469","0.317647058823529"
"zachary-taylor","#682E22","0.0285714285714286","0.673076923076923","0.407843137254902"
"abraham-lincoln","#63382F","0.0288461538461538","0.525252525252525","0.388235294117647"
"james-polk","#350F07","0.0289855072463768","0.867924528301887","0.207843137254902"
"william-mckinley","#562C23","0.0294117647058823","0.593023255813953","0.337254901960784"
"benjamin-harrison","#130502","0.0294117647058824","0.894736842105263","0.0745098039215686"
"ronald-reagan","#721501","0.0294985250737463","0.991228070175439","0.447058823529412"
"martin-van-buren","#865044","0.0303030303030303","0.492537313432836","0.525490196078431"
"jq-adams","#5F2518","0.0305164319248826","0.747368421052632","0.372549019607843"
"gerald-ford","#924230","0.0306122448979592","0.671232876712329","0.572549019607843"
"george-washington","#A05949","0.0306513409961686","0.54375","0.627450980392157"
"martin-van-buren","#7C4437","0.0314009661835749","0.556451612903226","0.486274509803922"
"james-polk","#3F140A","0.0314465408805031","0.841269841269841","0.247058823529412"
"abraham-lincoln","#3B1911","0.0317460317460317","0.711864406779661","0.231372549019608"
"john-tyler","#7B3727","0.0317460317460317","0.682926829268293","0.482352941176471"
"franklin-roosevelt","#662313","0.0321285140562249","0.813725490196078","0.4"
"barack-obama","#6F463C","0.0326797385620915","0.459459459459459","0.435294117647059"
"andrew-jackson","#633B31","0.0333333333333333","0.505050505050505","0.388235294117647"
"andrew-jackson","#1B0B07","0.0333333333333333","0.740740740740741","0.105882352941176"
"barack-obama","#B35D47","0.0339506172839506","0.603351955307262","0.701960784313725"
"woodrow-wilson","#A84F38","0.0342261904761905","0.666666666666667","0.658823529411765"
"woodrow-wilson","#AD5139","0.0344827586206896","0.670520231213873","0.67843137254902"
"abraham-lincoln","#311E19","0.0347222222222222","0.489795918367347","0.192156862745098"
"grover-cleveland","#3B1910","0.0348837209302326","0.728813559322034","0.231372549019608"
"james-polk","#8D4D3C","0.0349794238683127","0.574468085106383","0.552941176470588"
"james-polk","#B97968","0.0349794238683128","0.437837837837838","0.725490196078431"
"john-tyler","#4F2216","0.0350877192982456","0.721518987341772","0.309803921568627"
"woodrow-wilson","#652615","0.0354166666666667","0.792079207920792","0.396078431372549"
"barack-obama","#4F2A20","0.0354609929078014","0.59493670886076","0.309803921568627"
"martin-van-buren","#704B41","0.0354609929078014","0.419642857142857","0.43921568627451"
"jq-adams","#783D2D","0.0355555555555556","0.625","0.470588235294118"
"w-bush","#BD705B","0.0357142857142857","0.518518518518518","0.741176470588235"
"james-monroe","#DB9D8C","0.0358649789029536","0.360730593607306","0.858823529411765"
"william-harrison","#7B4131","0.036036036036036","0.601626016260163","0.482352941176471"
"lyndon-johnson","#2F1D18","0.036231884057971","0.48936170212766","0.184313725490196"
"grover-cleveland","#3F1408","0.0363636363636364","0.873015873015873","0.247058823529412"
"bill-clinton","#5A281A","0.0364583333333333","0.711111111111111","0.352941176470588"
"jq-adams","#6D2A17","0.0368217054263566","0.788990825688073","0.427450980392157"
"hw-bush","#60443C","0.037037037037037","0.375","0.376470588235294"
"hw-bush","#2E0B01","0.037037037037037","0.978260869565217","0.180392156862745"
"abraham-lincoln","#42261E","0.037037037037037","0.545454545454546","0.258823529411765"
"zachary-taylor","#753624","0.037037037037037","0.692307692307692","0.458823529411765"
"grover-cleveland","#5E2A1B","0.0373134328358209","0.712765957446808","0.368627450980392"
"dwight-eisenhower","#2B130C","0.0376344086021505","0.72093023255814","0.168627450980392"
"john-adams","#2A1914","0.0378787878787879","0.523809523809524","0.164705882352941"
"lyndon-johnson","#382722","0.0378787878787879","0.392857142857143","0.219607843137255"
"james-monroe","#EFB6A5","0.0382882882882883","0.309623430962343","0.937254901960784"
"richard-nixon","#4B1707","0.0392156862745098","0.906666666666667","0.294117647058824"
"richard-nixon","#4F1B0B","0.0392156862745098","0.860759493670886","0.309803921568627"
"ronald-reagan","#A7705F","0.0393518518518518","0.431137724550898","0.654901960784314"
"grover-cleveland","#824532","0.0395833333333333","0.615384615384615","0.509803921568627"
"james-monroe","#EEB19E","0.0395833333333333","0.336134453781513","0.933333333333333"
"w-bush","#965642","0.0396825396825397","0.56","0.588235294117647"
"james-garfield","#59291A","0.0396825396825397","0.707865168539326","0.349019607843137"
"william-mckinley","#36170D","0.040650406504065","0.759259259259259","0.211764705882353"
"john-adams","#552D20","0.0408805031446541","0.623529411764706","0.333333333333333"
"calvin-coolidge","#180C08","0.0416666666666667","0.666666666666667","0.0941176470588235"
"james-garfield","#150C09","0.0416666666666667","0.571428571428571","0.0823529411764706"
"william-harrison","#642510","0.0416666666666667","0.84","0.392156862745098"
"andrew-johnson","#180600","0.0416666666666667","1","0.0941176470588235"
"james-polk","#C0765D","0.0420875420875421","0.515625","0.752941176470588"
"chester-arthur","#923D20","0.0423976608187135","0.780821917808219","0.572549019607843"
"william-harrison","#7F4531","0.0427350427350427","0.614173228346457","0.498039215686275"
"james-polk","#4A3027","0.0428571428571428","0.472972972972973","0.290196078431373"
"jimmy-carter","#4A1908","0.0429292929292929","0.891891891891892","0.290196078431373"
"millard-fillmore","#200901","0.043010752688172","0.96875","0.125490196078431"
"benjamin-harrison","#533125","0.0434782608695652","0.55421686746988","0.325490196078431"
"jimmy-carter","#3E1101","0.0437158469945355","0.983870967741935","0.243137254901961"
"woodrow-wilson","#774A3A","0.0437158469945355","0.512605042016807","0.466666666666667"
"james-polk","#CD846A","0.0437710437710438","0.482926829268293","0.803921568627451"
"thomas-jefferson","#8C5440","0.043859649122807","0.542857142857143","0.549019607843137"
"abraham-lincoln","#291B16","0.043859649122807","0.463414634146341","0.16078431372549"
"richard-nixon","#5B2917","0.0441176470588235","0.747252747252747","0.356862745098039"
"james-monroe","#7F503F","0.0442708333333333","0.503937007874016","0.498039215686275"
"chester-arthur","#4A1603","0.0446009389671361","0.959459459459459","0.290196078431373"
"grover-cleveland","#97482B","0.0447530864197531","0.71523178807947","0.592156862745098"
"thomas-jefferson","#1E0B04","0.0448717948717949","0.866666666666667","0.117647058823529"
"andrew-jackson","#280D03","0.045045045045045","0.925","0.156862745098039"
"james-monroe","#632D19","0.045045045045045","0.747474747474748","0.388235294117647"
"chester-arthur","#411606","0.0451977401129944","0.907692307692308","0.254901960784314"
"woodrow-wilson","#411606","0.0451977401129944","0.907692307692308","0.254901960784314"
"william-mckinley","#0F0704","0.0454545454545454","0.733333333333333","0.0588235294117647"
"grover-cleveland","#2C140B","0.0454545454545455","0.75","0.172549019607843"
"barack-obama","#7F4F3D","0.0454545454545455","0.519685039370079","0.498039215686275"
"barack-obama","#65301C","0.045662100456621","0.722772277227723","0.396078431372549"
"chester-arthur","#462113","0.0457516339869281","0.728571428571429","0.274509803921569"
"thomas-jefferson","#472214","0.0457516339869281","0.71830985915493","0.27843137254902"
"james-monroe","#E09E85","0.0457875457875458","0.40625","0.87843137254902"
"w-bush","#BD836D","0.0458333333333333","0.423280423280423","0.741176470588235"
"martin-van-buren","#5E3C2F","0.0460992907801418","0.5","0.368627450980392"
"thomas-jefferson","#B1755E","0.0461847389558233","0.468926553672316","0.694117647058824"
"andrew-jackson","#231611","0.0462962962962963","0.514285714285714","0.137254901960784"
"william-mckinley","#2B1912","0.0466666666666667","0.581395348837209","0.168627450980392"
"william-taft","#B87054","0.0466666666666667","0.543478260869565","0.72156862745098"
"william-taft","#DF8D6D","0.0467836257309942","0.511210762331839","0.874509803921569"
"dwight-eisenhower","#8D482D","0.046875","0.680851063829787","0.552941176470588"
"franklin-pierce","#43271C","0.047008547008547","0.582089552238806","0.262745098039216"
"james-buchanan","#7A4F3E","0.0472222222222222","0.491803278688525","0.47843137254902"
"millard-fillmore","#6F2609","0.0473856209150327","0.918918918918919","0.435294117647059"
"gerald-ford","#671E01","0.0473856209150327","0.990291262135922","0.403921568627451"
"richard-nixon","#D28769","0.0476190476190476","0.5","0.823529411764706"
"william-taft","#954A2C","0.0476190476190476","0.704697986577181","0.584313725490196"
"william-harrison","#8C3F20","0.0478395061728395","0.771428571428571","0.549019607843137"
"grover-cleveland","#461704","0.047979797979798","0.942857142857143","0.274509803921569"
"andrew-jackson","#653B2A","0.0480225988700565","0.584158415841584","0.396078431372549"
"andrew-johnson","#703A24","0.0482456140350877","0.678571428571429","0.43921568627451"
"william-taft","#773F28","0.0485232067510549","0.663865546218487","0.466666666666667"
"james-madison","#995539","0.0486111111111111","0.627450980392157","0.6"
"franklin-roosevelt","#63240A","0.048689138576779","0.898989898989899","0.388235294117647"
"james-monroe","#C18065","0.0489130434782609","0.476683937823834","0.756862745098039"
"richard-nixon","#7D3A1E","0.0491228070175439","0.76","0.490196078431373"
"john-adams","#9C5233","0.0492063492063492","0.673076923076923","0.611764705882353"
"millard-fillmore","#6E2E13","0.0494505494505494","0.827272727272727","0.431372549019608"
"woodrow-wilson","#7C4832","0.0495495495495495","0.596774193548387","0.486274509803922"
"gerald-ford","#9B5233","0.0496794871794872","0.670967741935484","0.607843137254902"
"gerald-ford","#983F19","0.0498687664041995","0.835526315789474","0.596078431372549"
"herbert-hoover","#291B15","0.05","0.487804878048781","0.16078431372549"
"franklin-roosevelt","#532917","0.05","0.72289156626506","0.325490196078431"
"rutherford-hayes","#66331D","0.0502283105022831","0.715686274509804","0.4"
"james-monroe","#F4C1AB","0.0502283105022831","0.299180327868853","0.956862745098039"
"william-taft","#A9745D","0.0504385964912281","0.449704142011834","0.662745098039216"
"abraham-lincoln","#693B27","0.0505050505050505","0.628571428571429","0.411764705882353"
"james-monroe","#EABAA5","0.0507246376811594","0.294871794871795","0.917647058823529"
"william-taft","#A55A39","0.0509259259259259","0.654545454545455","0.647058823529412"
"george-washington","#5E4C44","0.0512820512820513","0.276595744680851","0.368627450980392"
"ulysses-grant","#381201","0.0515151515151515","0.982142857142857","0.219607843137255"
"dwight-eisenhower","#954825","0.0520833333333333","0.751677852348993","0.584313725490196"
"george-washington","#856455","0.0520833333333333","0.360902255639098","0.52156862745098"
"bill-clinton","#4C2919","0.0522875816993464","0.671052631578947","0.298039215686275"
"millard-fillmore","#61260B","0.0523255813953488","0.88659793814433","0.380392156862745"
"ronald-reagan","#BE7452","0.0524691358024691","0.568421052631579","0.745098039215686"
"gerald-ford","#140701","0.0526315789473684","0.95","0.0784313725490196"
"william-harrison","#8E5A42","0.0526315789473684","0.535211267605634","0.556862745098039"
"dwight-eisenhower","#531B01","0.0528455284552845","0.987951807228916","0.325490196078431"
"james-madison","#AC6544","0.0528846153846154","0.604651162790698","0.674509803921569"
"ulysses-grant","#2B1C15","0.053030303030303","0.511627906976744","0.168627450980392"
"james-buchanan","#55463F","0.0530303030303031","0.258823529411765","0.333333333333333"
"john-adams","#B68771","0.0531400966183575","0.379120879120879","0.713725490196078"
"andrew-johnson","#9C5C3E","0.0531914893617021","0.602564102564103","0.611764705882353"
"theodore-roosevelt","#2D1C14","0.0533333333333333","0.555555555555556","0.176470588235294"
"woodrow-wilson","#B87454","0.0533333333333333","0.543478260869565","0.72156862745098"
"ulysses-grant","#4B2716","0.0534591194968554","0.706666666666667","0.294117647058824"
"james-monroe","#A56445","0.0538194444444444","0.581818181818182","0.647058823529412"
"martin-van-buren","#846D62","0.0539215686274509","0.257575757575758","0.517647058823529"
"james-madison","#D0A793","0.0546448087431694","0.293269230769231","0.815686274509804"
"theodore-roosevelt","#DFB29C","0.0547263681592039","0.300448430493273","0.874509803921569"
"john-adams","#C99A83","0.0547619047619048","0.348258706467662","0.788235294117647"
"james-garfield","#62331C","0.0547619047619048","0.714285714285714","0.384313725490196"
"james-monroe","#976045","0.0548780487804878","0.543046357615894","0.592156862745098"
"john-adams","#985F43","0.0549019607843137","0.559210526315789","0.596078431372549"
"james-madison","#C4896C","0.0549242424242424","0.448979591836735","0.768627450980392"
"gerald-ford","#6E3113","0.054945054945055","0.827272727272727","0.431372549019608"
"andrew-jackson","#AC7C64","0.0555555555555555","0.418604651162791","0.674509803921569"
"john-tyler","#62341D","0.0555555555555555","0.704081632653061","0.384313725490196"
"grover-cleveland","#0C0806","0.0555555555555556","0.5","0.0470588235294118"
"andrew-jackson","#1A100B","0.0555555555555556","0.576923076923077","0.101960784313725"
"william-mckinley","#0D0501","0.0555555555555556","0.923076923076923","0.0509803921568627"
"harry-truman","#804426","0.0555555555555556","0.703125","0.501960784313725"
"martin-van-buren","#0D0907","0.0555555555555556","0.461538461538462","0.0509803921568627"
"martin-van-buren","#987A6B","0.0555555555555556","0.296052631578947","0.596078431372549"
"ronald-reagan","#9A5F41","0.0561797752808989","0.577922077922078","0.603921568627451"
"herbert-hoover","#623118","0.0563063063063063","0.755102040816327","0.384313725490196"
"thomas-jefferson","#AA7960","0.0563063063063063","0.435294117647059","0.666666666666667"
"james-garfield","#A55932","0.0565217391304348","0.696969696969697","0.647058823529412"
"woodrow-wilson","#8B4927","0.0566666666666667","0.719424460431655","0.545098039215686"
"james-madison","#915536","0.0567765567765568","0.627586206896552","0.568627450980392"
"theodore-roosevelt","#B37B5E","0.0568627450980392","0.474860335195531","0.701960784313725"
"jq-adams","#4E3528","0.0570175438596491","0.487179487179487","0.305882352941176"
"john-adams","#C79981","0.0571428571428571","0.351758793969849","0.780392156862745"
"ulysses-grant","#7C523C","0.0572916666666667","0.516129032258065","0.486274509803922"
"dwight-eisenhower","#7C3F1F","0.0573476702508961","0.75","0.486274509803922"
"ulysses-grant","#945737","0.0573476702508961","0.628378378378378","0.580392156862745"
"millard-fillmore","#471F0A","0.0573770491803279","0.859154929577465","0.27843137254902"
"franklin-pierce","#332016","0.0574712643678161","0.568627450980392","0.2"
"james-garfield","#5E3A27","0.0575757575757576","0.585106382978723","0.368627450980392"
"william-harrison","#995937","0.0578231292517007","0.640522875816993","0.6"
"zachary-taylor","#905434","0.0579710144927536","0.638888888888889","0.564705882352941"
"gerald-ford","#D38A63","0.0580357142857143","0.530805687203791","0.827450980392157"
"andrew-jackson","#3A1E0F","0.0581395348837209","0.741379310344828","0.227450980392157"
"andrew-jackson","#926953","0.0582010582010582","0.431506849315068","0.572549019607843"
"william-harrison","#985734","0.0583333333333333","0.657894736842105","0.596078431372549"
"andrew-jackson","#1C0F08","0.0583333333333333","0.714285714285714","0.109803921568627"
"george-washington","#623D29","0.0584795321637427","0.581632653061224","0.384313725490196"
"w-bush","#B8886E","0.0585585585585586","0.402173913043478","0.72156862745098"
"herbert-hoover","#483023","0.0585585585585586","0.513888888888889","0.282352941176471"
"jq-adams","#A38270","0.0588235294117647","0.312883435582822","0.63921568627451"
"andrew-johnson","#2A1408","0.0588235294117647","0.80952380952381","0.164705882352941"
"franklin-pierce","#F4B491","0.0589225589225589","0.405737704918033","0.956862745098039"
"william-mckinley","#2B170C","0.0591397849462366","0.72093023255814","0.168627450980392"
"jq-adams","#865940","0.0595238095238095","0.522388059701493","0.525490196078431"
"theodore-roosevelt","#2A211C","0.0595238095238096","0.333333333333333","0.164705882352941"
"jimmy-carter","#5D3D2B","0.06","0.537634408602151","0.364705882352941"
"william-mckinley","#6B3B20","0.06","0.700934579439252","0.419607843137255"
"william-mckinley","#7D4627","0.060077519379845","0.688","0.490196078431373"
"jq-adams","#392215","0.0601851851851852","0.631578947368421","0.223529411764706"
"andrew-jackson","#412A1D","0.0601851851851852","0.553846153846154","0.254901960784314"
"james-madison","#C87546","0.0602564102564102","0.65","0.784313725490196"
"jimmy-carter","#B66C42","0.0603448275862069","0.637362637362637","0.713725490196078"
"rutherford-hayes","#532E19","0.0603448275862069","0.698795180722892","0.325490196078431"
"benjamin-harrison","#4E2209","0.0603864734299517","0.884615384615385","0.305882352941176"
"gerald-ford","#C99F87","0.0606060606060606","0.328358208955224","0.788235294117647"
"abraham-lincoln","#4D382C","0.0606060606060606","0.428571428571429","0.301960784313725"
"william-mckinley","#2D180C","0.0606060606060606","0.733333333333333","0.176470588235294"
"woodrow-wilson","#6A4028","0.0606060606060606","0.622641509433962","0.415686274509804"
"calvin-coolidge","#D19471","0.0607638888888889","0.45933014354067","0.819607843137255"
"thomas-jefferson","#C18B6C","0.0607843137254902","0.440414507772021","0.756862745098039"
"jq-adams","#DDB096","0.0610328638497652","0.321266968325792","0.866666666666667"
"james-madison","#C87E53","0.0612535612535613","0.585","0.784313725490196"
"john-adams","#B67F5F","0.0613026819923372","0.478021978021978","0.713725490196078"
"herbert-hoover","#A26B4B","0.0613026819923372","0.537037037037037","0.635294117647059"
"warren-harding","#1D110A","0.0614035087719298","0.655172413793103","0.113725490196078"
"rutherford-hayes","#4F1F03","0.0614035087719298","0.962025316455696","0.309803921568627"
"rutherford-hayes","#361E10","0.0614035087719298","0.703703703703704","0.211764705882353"
"millard-fillmore","#D6A182","0.0615079365079365","0.392523364485981","0.83921568627451"
"franklin-pierce","#794B30","0.0616438356164384","0.603305785123967","0.474509803921569"
"james-buchanan","#F5C2A4","0.0617283950617284","0.330612244897959","0.96078431372549"
"james-garfield","#693D23","0.0619047619047619","0.666666666666667","0.411764705882353"
"john-tyler","#AE7D60","0.0619658119658119","0.448275862068966","0.682352941176471"
"grover-cleveland","#AC6C46","0.0620915032679738","0.593023255813953","0.674509803921569"
"jq-adams","#AB8168","0.0621890547263682","0.391812865497076","0.670588235294118"
"john-tyler","#E9A67E","0.0623052959501558","0.459227467811159","0.913725490196078"
"calvin-coolidge","#A66036","0.0625","0.674698795180723","0.650980392156863"
"william-mckinley","#79492C","0.0627705627705628","0.636363636363636","0.474509803921569"
"dwight-eisenhower","#DE976C","0.0628654970760234","0.513513513513513","0.870588235294118"
"andrew-jackson","#AC8B77","0.0628930817610062","0.308139534883721","0.674509803921569"
"w-bush","#8E6D59","0.0628930817610063","0.373239436619718","0.556862745098039"
"john-tyler","#A98874","0.0628930817610063","0.313609467455621","0.662745098039216"
"calvin-coolidge","#723510","0.0629251700680272","0.859649122807018","0.447058823529412"
"hw-bush","#6A3718","0.0630081300813008","0.773584905660377","0.415686274509804"
"james-buchanan","#F0C2A6","0.063063063063063","0.308333333333333","0.941176470588235"
"martin-van-buren","#433126","0.0632183908045977","0.432835820895522","0.262745098039216"
"andrew-jackson","#553623","0.0633333333333333","0.588235294117647","0.333333333333333"
"warren-harding","#7A3E19","0.063573883161512","0.795081967213115","0.47843137254902"
"barack-obama","#E19A6E","0.063768115942029","0.511111111111111","0.882352941176471"
"martin-van-buren","#5A3D2B","0.0638297872340425","0.522222222222222","0.352941176470588"
"thomas-jefferson","#93664A","0.0639269406392694","0.496598639455782","0.576470588235294"
"james-buchanan","#AC8C78","0.0641025641025641","0.302325581395349","0.674509803921569"
"calvin-coolidge","#B56533","0.0641025641025641","0.718232044198895","0.709803921568627"
"harry-truman","#753D1A","0.0641025641025641","0.777777777777778","0.458823529411765"
"george-washington","#9C7963","0.0643274853801169","0.365384615384615","0.611764705882353"
"james-madison","#6D3F22","0.0644444444444445","0.688073394495413","0.427450980392157"
"chester-arthur","#C48862","0.064625850340136","0.5","0.768627450980392"
"benjamin-harrison","#2B1507","0.0648148148148148","0.837209302325581","0.168627450980392"
"william-harrison","#A55A2A","0.0650406504065041","0.745454545454545","0.647058823529412"
"harry-truman","#643D24","0.0651041666666667","0.64","0.392156862745098"
"james-garfield","#B77144","0.0652173913043478","0.628415300546448","0.717647058823529"
"william-harrison","#A86235","0.0652173913043478","0.684523809523809","0.658823529411765"
"james-madison","#4F4138","0.0652173913043478","0.291139240506329","0.309803921568627"
"james-monroe","#44362D","0.0652173913043478","0.338235294117647","0.266666666666667"
"chester-arthur","#673A1D","0.0653153153153153","0.718446601941748","0.403921568627451"
"martin-van-buren","#654632","0.065359477124183","0.504950495049505","0.396078431372549"
"woodrow-wilson","#D99264","0.0655270655270655","0.539170506912442","0.850980392156863"
"grover-cleveland","#9F6946","0.0655430711610487","0.559748427672956","0.623529411764706"
"james-garfield","#6B3512","0.0655430711610487","0.831775700934579","0.419607843137255"
"john-adams","#A58068","0.0655737704918033","0.36969696969697","0.647058823529412"
"james-garfield","#562E14","0.0656565656565656","0.767441860465116","0.337254901960784"
"andrew-jackson","#795137","0.0656565656565656","0.545454545454545","0.474509803921569"
"hw-bush","#6C3B1B","0.065843621399177","0.75","0.423529411764706"
"james-buchanan","#A18776","0.0658914728682171","0.267080745341615","0.631372549019608"
"lyndon-johnson","#E7C1A8","0.0661375661375661","0.272727272727273","0.905882352941176"
"gerald-ford","#73472A","0.0662100456621005","0.634782608695652","0.450980392156863"
"warren-harding","#502102","0.0662393162393162","0.975","0.313725490196078"
"chester-arthur","#502305","0.0666666666666667","0.9375","0.313725490196078"
"chester-arthur","#532C12","0.0666666666666667","0.783132530120482","0.325490196078431"
"jimmy-carter","#C08157","0.0666666666666667","0.546875","0.752941176470588"
"james-garfield","#683B1D","0.0666666666666667","0.721153846153846","0.407843137254902"
"lyndon-johnson","#986848","0.0666666666666667","0.526315789473684","0.596078431372549"
"harry-truman","#482711","0.0666666666666667","0.763888888888889","0.282352941176471"
"harry-truman","#5A3014","0.0666666666666667","0.777777777777778","0.352941176470588"
"dwight-eisenhower","#6C3B1A","0.0670731707317073","0.759259259259259","0.423529411764706"
"james-garfield","#744322","0.0670731707317073","0.706896551724138","0.454901960784314"
"grover-cleveland","#5D3215","0.0671296296296296","0.774193548387097","0.364705882352941"
"calvin-coolidge","#EB955B","0.0671296296296296","0.612765957446809","0.92156862745098"
"chester-arthur","#5C3419","0.0671641791044776","0.728260869565217","0.36078431372549"
"william-harrison","#C18257","0.0676100628930817","0.549222797927461","0.756862745098039"
"james-madison","#AD6E43","0.0676100628930818","0.61271676300578","0.67843137254902"
"bill-clinton","#69462E","0.0677966101694916","0.561904761904762","0.411764705882353"
"john-adams","#816450","0.0680272108843537","0.37984496124031","0.505882352941176"
"jimmy-carter","#934B19","0.0683060109289618","0.829931972789116","0.576470588235294"
"calvin-coolidge","#F3A36B","0.0686274509803921","0.559670781893004","0.952941176470588"
"zachary-taylor","#8B4F25","0.0686274509803922","0.733812949640288","0.545098039215686"
"andrew-johnson","#7E4822","0.0688405797101449","0.73015873015873","0.494117647058824"
"lyndon-johnson","#624734","0.0688405797101449","0.469387755102041","0.384313725490196"
"theodore-roosevelt","#4E3320","0.0688405797101449","0.58974358974359","0.305882352941176"
"millard-fillmore","#463529","0.0689655172413793","0.414285714285714","0.274509803921569"
"theodore-roosevelt","#3B2A1E","0.0689655172413793","0.491525423728814","0.231372549019608"
"william-harrison","#D08855","0.0691056910569106","0.591346153846154","0.815686274509804"
"warren-harding","#7B3D11","0.0691823899371069","0.861788617886179","0.482352941176471"
"william-mckinley","#AF6A39","0.0692090395480226","0.674285714285714","0.686274509803922"
"andrew-johnson","#89542E","0.0695970695970696","0.664233576642336","0.537254901960784"
"harry-truman","#6C3E1D","0.069620253164557","0.731481481481482","0.423529411764706"
"william-taft","#663F23","0.0696517412935323","0.656862745098039","0.4"
"hw-bush","#574538","0.0698924731182795","0.35632183908046","0.341176470588235"
"franklin-pierce","#764725","0.0699588477366255","0.686440677966102","0.462745098039216"
"thomas-jefferson","#AF7C57","0.0700757575757576","0.502857142857143","0.686274509803922"
"hw-bush","#EC9F67","0.0701754385964912","0.563559322033898","0.925490196078431"
"lyndon-johnson","#BAA494","0.0701754385964913","0.204301075268817","0.729411764705882"
"ulysses-grant","#2D1300","0.0703703703703704","1","0.176470588235294"
"hw-bush","#AE764D","0.070446735395189","0.557471264367816","0.682352941176471"
"warren-harding","#784723","0.0705882352941176","0.708333333333333","0.470588235294118"
"hw-bush","#342113","0.0707070707070707","0.634615384615385","0.203921568627451"
"bill-clinton","#624F41","0.0707070707070707","0.336734693877551","0.384313725490196"
"george-washington","#795337","0.0707070707070707","0.545454545454545","0.474509803921569"
"james-monroe","#5B4433","0.0708333333333333","0.43956043956044","0.356862745098039"
"bill-clinton","#EABC9A","0.0708333333333334","0.341880341880342","0.917647058823529"
"benjamin-harrison","#674023","0.071078431372549","0.660194174757281","0.403921568627451"
"james-madison","#613616","0.0711111111111111","0.77319587628866","0.380392156862745"
"jimmy-carter","#C9824D","0.0712365591397849","0.616915422885572","0.788235294117647"
"bill-clinton","#94582B","0.0714285714285714","0.709459459459459","0.580392156862745"
"andrew-johnson","#946039","0.0714285714285714","0.614864864864865","0.580392156862745"
"rutherford-hayes","#AE7143","0.0716510903426791","0.614942528735632","0.682352941176471"
"theodore-roosevelt","#A67149","0.0716845878136201","0.560240963855422","0.650980392156863"
"andrew-johnson","#BB8155","0.0718954248366013","0.545454545454545","0.733333333333333"
"thomas-jefferson","#2D1808","0.0720720720720721","0.822222222222222","0.176470588235294"
"andrew-johnson","#B17649","0.0721153846153846","0.587570621468927","0.694117647058824"
"calvin-coolidge","#BE763F","0.0721784776902887","0.668421052631579","0.745098039215686"
"james-madison","#5D4C3F","0.0722222222222222","0.32258064516129","0.364705882352941"
"william-mckinley","#C37F4B","0.0722222222222222","0.615384615384615","0.764705882352941"
"james-buchanan","#E8C1A3","0.072463768115942","0.297413793103448","0.909803921568627"
"andrew-johnson","#87532B","0.072463768115942","0.681481481481481","0.529411764705882"
"dwight-eisenhower","#D0976B","0.0726072607260726","0.485576923076923","0.815686274509804"
"john-kennedy","#724624","0.0726495726495727","0.684210526315789","0.447058823529412"
"hw-bush","#FFC191","0.0727272727272727","0.431372549019608","1"
"franklin-pierce","#764E2F","0.0727699530516432","0.601694915254237","0.462745098039216"
"richard-nixon","#402510","0.0729166666666667","0.75","0.250980392156863"
"ronald-reagan","#7C614C","0.0729166666666667","0.387096774193548","0.486274509803922"
"dwight-eisenhower","#CA976F","0.0732600732600733","0.45049504950495","0.792156862745098"
"rutherford-hayes","#75421A","0.0732600732600733","0.777777777777778","0.458823529411765"
"james-madison","#A66E42","0.0733333333333333","0.602409638554217","0.650980392156863"
"lyndon-johnson","#A87954","0.0734126984126984","0.5","0.658823529411765"
"rutherford-hayes","#DC8C4D","0.0734265734265735","0.65","0.862745098039216"
"herbert-hoover","#7A461D","0.0734767025089606","0.762295081967213","0.47843137254902"
"william-harrison","#8B603E","0.0735930735930736","0.553956834532374","0.545098039215686"
"harry-truman","#8B603E","0.0735930735930736","0.553956834532374","0.545098039215686"
"hw-bush","#DE9052","0.0738095238095238","0.630630630630631","0.870588235294118"
"zachary-taylor","#7A4922","0.0738636363636364","0.721311475409836","0.47843137254902"
"calvin-coolidge","#844E23","0.0738831615120275","0.734848484848485","0.517647058823529"
"warren-harding","#9C5720","0.0739247311827957","0.794871794871795","0.611764705882353"
"jq-adams","#5C391D","0.0740740740740741","0.684782608695652","0.36078431372549"
"james-garfield","#EFA468","0.0740740740740741","0.564853556485356","0.937254901960784"
"william-taft","#CAAC94","0.0740740740740741","0.267326732673267","0.792156862745098"
"george-washington","#B18E72","0.0740740740740741","0.35593220338983","0.694117647058824"
"james-garfield","#CC8043","0.0742092457420924","0.67156862745098","0.8"
"ulysses-grant","#946138","0.0742753623188406","0.621621621621622","0.580392156862745"
"calvin-coolidge","#835530","0.0742971887550201","0.633587786259542","0.513725490196078"
"james-garfield","#D38648","0.0743405275779377","0.658767772511848","0.827450980392157"
"herbert-hoover","#D2996B","0.0744336569579288","0.49047619047619","0.823529411764706"
"millard-fillmore","#E5B187","0.074468085106383","0.410480349344978","0.898039215686275"
"john-kennedy","#4B311C","0.074468085106383","0.626666666666667","0.294117647058824"
"millard-fillmore","#E9C4A6","0.0746268656716418","0.28755364806867","0.913725490196078"
"john-adams","#4A3A2D","0.0747126436781609","0.391891891891892","0.290196078431373"
"james-buchanan","#ECD1BB","0.0748299319727891","0.207627118644068","0.925490196078431"
"andrew-johnson","#321701","0.0748299319727891","0.98","0.196078431372549"
"james-madison","#633D1E","0.0748792270531401","0.696969696969697","0.388235294117647"
"franklin-roosevelt","#6F421D","0.0752032520325203","0.738738738738739","0.435294117647059"
"jq-adams","#B69478","0.0752688172043011","0.340659340659341","0.713725490196078"
"jq-adams","#332214","0.0752688172043011","0.607843137254902","0.2"
"richard-nixon","#664428","0.0752688172043011","0.607843137254902","0.4"
"thomas-jefferson","#9E7655","0.0753424657534247","0.462025316455696","0.619607843137255"
"james-monroe","#4A3829","0.0757575757575757","0.445945945945946","0.290196078431373"
"franklin-roosevelt","#311F10","0.0757575757575757","0.673469387755102","0.192156862745098"
"william-harrison","#130D08","0.0757575757575758","0.578947368421053","0.0745098039215686"
"franklin-roosevelt","#2E1C0D","0.0757575757575758","0.717391304347826","0.180392156862745"
"rutherford-hayes","#916037","0.0759259259259259","0.620689655172414","0.568627450980392"
"dwight-eisenhower","#4F3C2C","0.0761904761904762","0.443037974683544","0.309803921568627"
"jq-adams","#6A503A","0.0763888888888889","0.452830188679245","0.415686274509804"
"jimmy-carter","#190C01","0.0763888888888889","0.96","0.0980392156862745"
"warren-harding","#422812","0.0763888888888889","0.727272727272727","0.258823529411765"
"john-tyler","#744D2C","0.0763888888888889","0.620689655172414","0.454901960784314"
"calvin-coolidge","#A5764E","0.0766283524904215","0.527272727272727","0.647058823529412"
"benjamin-harrison","#51361F","0.0766666666666667","0.617283950617284","0.317647058823529"
"benjamin-harrison","#916138","0.0767790262172285","0.613793103448276","0.568627450980392"
"woodrow-wilson","#D39560","0.0768115942028986","0.545023696682464","0.827450980392157"
"jimmy-carter","#8F4A0F","0.0768229166666667","0.895104895104895","0.56078431372549"
"rutherford-hayes","#F0AA6E","0.0769230769230769","0.541666666666667","0.941176470588235"
"william-mckinley","#A66D3C","0.0770440251572327","0.63855421686747","0.650980392156863"
"jimmy-carter","#AA662B","0.0774278215223097","0.747058823529412","0.666666666666667"
"ulysses-grant","#C5976F","0.0775193798449612","0.436548223350254","0.772549019607843"
"herbert-hoover","#865021","0.0775577557755775","0.753731343283582","0.525490196078431"
"john-adams","#957D68","0.0777777777777777","0.302013422818792","0.584313725490196"
"grover-cleveland","#654C36","0.0780141843971631","0.465346534653465","0.396078431372549"
"lyndon-johnson","#937A64","0.0780141843971632","0.319727891156463","0.576470588235294"
"w-bush","#463526","0.078125","0.457142857142857","0.274509803921569"
"warren-harding","#332213","0.078125","0.627450980392157","0.2"
"william-harrison","#423122","0.078125","0.484848484848485","0.258823529411765"
"zachary-taylor","#D1A680","0.0781893004115227","0.38755980861244","0.819607843137255"
"andrew-johnson","#4E341D","0.0782312925170068","0.628205128205128","0.305882352941176"
"william-taft","#CC986A","0.0782312925170068","0.480392156862745","0.8"
"zachary-taylor","#573D26","0.0782312925170068","0.563218390804598","0.341176470588235"
"chester-arthur","#634021","0.0782828282828283","0.666666666666667","0.388235294117647"
"abraham-lincoln","#4B3929","0.0784313725490196","0.453333333333333","0.294117647058824"
"thomas-jefferson","#8B6645","0.0785714285714286","0.503597122302158","0.545098039215686"
"john-kennedy","#A5754A","0.0787545787545787","0.551515151515152","0.647058823529412"
"william-taft","#271D14","0.0789473684210526","0.487179487179487","0.152941176470588"
"jimmy-carter","#EFBB8C","0.0791245791245791","0.414225941422594","0.937254901960784"
"james-garfield","#EFA562","0.0791962174940898","0.589958158995816","0.937254901960784"
"ulysses-grant","#845830","0.0793650793650793","0.636363636363636","0.517647058823529"
"james-madison","#57412D","0.0793650793650793","0.482758620689655","0.341176470588235"
"grover-cleveland","#A1754D","0.0793650793650794","0.521739130434783","0.631372549019608"
"abraham-lincoln","#D8AC84","0.0793650793650794","0.388888888888889","0.847058823529412"
"gerald-ford","#B5875D","0.0795454545454545","0.486187845303867","0.709803921568627"
"chester-arthur","#4F361F","0.0798611111111111","0.607594936708861","0.309803921568627"
"abraham-lincoln","#4F4236","0.08","0.316455696202532","0.309803921568627"
"ronald-reagan","#663F1B","0.08","0.735294117647059","0.4"
"ulysses-grant","#27190C","0.0802469135802469","0.692307692307692","0.152941176470588"
"harry-truman","#36281B","0.0802469135802469","0.5","0.211764705882353"
"franklin-roosevelt","#8F5621","0.0803030303030303","0.769230769230769","0.56078431372549"
"millard-fillmore","#D9AD84","0.0803921568627451","0.391705069124424","0.850980392156863"
"james-garfield","#B97C43","0.0805084745762712","0.637837837837838","0.725490196078431"
"zachary-taylor","#3C2C1D","0.0806451612903226","0.516666666666667","0.235294117647059"
"martin-van-buren","#625141","0.0808080808080808","0.336734693877551","0.384313725490196"
"gerald-ford","#744E2A","0.0810810810810811","0.637931034482759","0.454901960784314"
"zachary-taylor","#9A734E","0.081140350877193","0.493506493506493","0.603921568627451"
"thomas-jefferson","#38230F","0.0813008130081301","0.732142857142857","0.219607843137255"
"gerald-ford","#F4C9A0","0.0813492063492063","0.344262295081967","0.956862745098039"
"william-taft","#D1A67D","0.0813492063492064","0.401913875598086","0.819607843137255"
"franklin-roosevelt","#311902","0.0815602836879433","0.959183673469388","0.192156862745098"
"harry-truman","#543C25","0.0815602836879433","0.55952380952381","0.329411764705882"
"benjamin-harrison","#F2A963","0.0815850815850816","0.590909090909091","0.949019607843137"
"ulysses-grant","#432A12","0.0816326530612245","0.73134328358209","0.262745098039216"
"chester-arthur","#5A4027","0.0816993464052287","0.566666666666667","0.352941176470588"
"zachary-taylor","#DBA673","0.0817307692307692","0.474885844748858","0.858823529411765"
"william-mckinley","#391C00","0.0818713450292398","1","0.223529411764706"
"john-tyler","#9B7D60","0.0819209039548023","0.380645161290323","0.607843137254902"
"benjamin-harrison","#F0AB68","0.0821078431372549","0.566666666666667","0.941176470588235"
"chester-arthur","#8B6846","0.0821256038647343","0.496402877697842","0.545098039215686"
"rutherford-hayes","#7C542D","0.0822784810126582","0.637096774193548","0.486274509803922"
"millard-fillmore","#C0956B","0.0823529411764706","0.442708333333333","0.752941176470588"
"woodrow-wilson","#E2AB75","0.0825688073394495","0.482300884955752","0.886274509803922"
"warren-harding","#DEA267","0.0826330532212885","0.536036036036036","0.870588235294118"
"chester-arthur","#5B452F","0.0833333333333333","0.483516483516484","0.356862745098039"
"hw-bush","#322212","0.0833333333333333","0.64","0.196078431372549"
"w-bush","#272019","0.0833333333333333","0.358974358974359","0.152941176470588"
"calvin-coolidge","#66411C","0.0833333333333333","0.725490196078431","0.4"
"millard-fillmore","#624B34","0.0833333333333333","0.469387755102041","0.384313725490196"
"ulysses-grant","#3D2A17","0.0833333333333333","0.622950819672131","0.23921568627451"
"rutherford-hayes","#392E23","0.0833333333333333","0.385964912280702","0.223529411764706"
"herbert-hoover","#966B40","0.0833333333333333","0.573333333333333","0.588235294117647"
"franklin-pierce","#67533F","0.0833333333333333","0.388349514563107","0.403921568627451"
"franklin-pierce","#462F18","0.0833333333333333","0.657142857142857","0.274509803921569"
"william-taft","#847362","0.0833333333333333","0.257575757575758","0.517647058823529"
"william-taft","#6E4D2C","0.0833333333333333","0.6","0.431372549019608"
"george-washington","#8B5D2F","0.0833333333333333","0.661870503597122","0.545098039215686"
"herbert-hoover","#352515","0.0833333333333334","0.60377358490566","0.207843137254902"
"ronald-reagan","#D8A470","0.0833333333333334","0.481481481481481","0.847058823529412"
"zachary-taylor","#937455","0.0833333333333334","0.421768707482993","0.576470588235294"
"woodrow-wilson","#7C5732","0.0833333333333334","0.596774193548387","0.486274509803922"
"zachary-taylor","#805E3B","0.0845410628019324","0.5390625","0.501960784313725"
"gerald-ford","#533210","0.0845771144278607","0.807228915662651","0.325490196078431"
"chester-arthur","#634424","0.0846560846560847","0.636363636363636","0.388235294117647"
"zachary-taylor","#5C442B","0.0850340136054422","0.532608695652174","0.36078431372549"
"john-tyler","#8C765F","0.0851851851851852","0.321428571428571","0.549019607843137"
"andrew-jackson","#5A4733","0.0854700854700855","0.433333333333333","0.352941176470588"
"benjamin-harrison","#7C5934","0.0856481481481481","0.580645161290323","0.486274509803922"
"rutherford-hayes","#3C2B19","0.0857142857142857","0.583333333333333","0.235294117647059"
"zachary-taylor","#B18F6B","0.0857142857142857","0.395480225988701","0.694117647058824"
"ronald-reagan","#755737","0.0860215053763441","0.52991452991453","0.458823529411765"
"hw-bush","#56391A","0.0861111111111111","0.697674418604651","0.337254901960784"
"andrew-jackson","#3B2E20","0.0864197530864197","0.457627118644068","0.231372549019608"
"ronald-reagan","#644B30","0.0865384615384616","0.52","0.392156862745098"
"john-kennedy","#866139","0.0865800865800865","0.574626865671642","0.525490196078431"
"john-kennedy","#90602C","0.0866666666666667","0.694444444444444","0.564705882352941"
"w-bush","#7C5B37","0.0869565217391304","0.556451612903226","0.486274509803922"
"woodrow-wilson","#49331B","0.0869565217391305","0.63013698630137","0.286274509803922"
"john-kennedy","#6A553E","0.0871212121212121","0.415094339622642","0.415686274509804"
"george-washington","#7B6751","0.0873015873015873","0.341463414634146","0.482352941176471"
"rutherford-hayes","#997C5C","0.087431693989071","0.398692810457516","0.6"
"theodore-roosevelt","#7C6954","0.0875","0.32258064516129","0.486274509803922"
"millard-fillmore","#2D241A","0.087719298245614","0.422222222222222","0.176470588235294"
"thomas-jefferson","#150C02","0.087719298245614","0.904761904761905","0.0823529411764706"
"john-kennedy","#1F160C","0.087719298245614","0.612903225806452","0.12156862745098"
"millard-fillmore","#32291F","0.0877192982456141","0.38","0.196078431372549"
"rutherford-hayes","#B4936E","0.088095238095238","0.388888888888889","0.705882352941177"
"benjamin-harrison","#75542F","0.0880952380952381","0.598290598290598","0.458823529411765"
"grover-cleveland","#9D6C35","0.0881410256410256","0.662420382165605","0.615686274509804"
"john-adams","#664E33","0.0882352941176471","0.5","0.4"
"john-kennedy","#7B6348","0.0882352941176471","0.414634146341463","0.482352941176471"
"john-tyler","#A57845","0.0885416666666667","0.581818181818182","0.647058823529412"
"john-kennedy","#826544","0.0887096774193548","0.476923076923077","0.509803921568627"
"w-bush","#9F7443","0.088768115942029","0.578616352201258","0.623529411764706"
"millard-fillmore","#533E26","0.0888888888888889","0.542168674698795","0.325490196078431"
"thomas-jefferson","#665139","0.0888888888888889","0.441176470588235","0.4"
"harry-truman","#8C5B23","0.0888888888888889","0.75","0.549019607843137"
"john-kennedy","#805F39","0.0892018779342723","0.5546875","0.501960784313725"
"hw-bush","#543A1C","0.0892857142857143","0.666666666666667","0.329411764705882"
"franklin-pierce","#6B5133","0.0892857142857143","0.523364485981308","0.419607843137255"
"franklin-roosevelt","#8D591D","0.0892857142857143","0.794326241134752","0.552941176470588"
"herbert-hoover","#C4935A","0.0896226415094339","0.540816326530612","0.768627450980392"
"john-adams","#60482C","0.0897435897435897","0.541666666666667","0.376470588235294"
"w-bush","#A5753D","0.0897435897435897","0.63030303030303","0.647058823529412"
"benjamin-harrison","#B98951","0.0897435897435897","0.562162162162162","0.725490196078431"
"ulysses-grant","#553714","0.0897435897435898","0.764705882352941","0.333333333333333"
"william-harrison","#2B1A06","0.0900900900900901","0.86046511627907","0.168627450980392"
"dwight-eisenhower","#AA6C23","0.0901234567901235","0.794117647058823","0.666666666666667"
"john-kennedy","#977751","0.0904761904761905","0.463576158940397","0.592156862745098"
"herbert-hoover","#C48F50","0.0905172413793103","0.591836734693878","0.768627450980392"
"benjamin-harrison","#BA8C55","0.0907590759075908","0.543010752688172","0.729411764705882"
"abraham-lincoln","#5E5448","0.0909090909090909","0.234042553191489","0.368627450980392"
"john-kennedy","#A07E55","0.0911111111111111","0.46875","0.627450980392157"
"john-kennedy","#A58865","0.0911458333333333","0.387878787878788","0.647058823529412"
"herbert-hoover","#E1AD6E","0.091304347826087","0.511111111111111","0.882352941176471"
"george-washington","#7B5220","0.0915750915750916","0.739837398373984","0.482352941176471"
"benjamin-harrison","#2A1802","0.0916666666666667","0.952380952380952","0.164705882352941"
"jimmy-carter","#926227","0.0919003115264798","0.732876712328767","0.572549019607843"
"harry-truman","#4B3111","0.0919540229885057","0.773333333333333","0.294117647058824"
"andrew-johnson","#604626","0.0919540229885058","0.604166666666667","0.376470588235294"
"john-kennedy","#936D3E","0.092156862745098","0.578231292517007","0.576470588235294"
"chester-arthur","#664E30","0.0925925925925926","0.529411764705882","0.4"
"lyndon-johnson","#18140F","0.0925925925925926","0.375","0.0941176470588235"
"franklin-roosevelt","#1F170D","0.0925925925925926","0.580645161290323","0.12156862745098"
"theodore-roosevelt","#A78B68","0.0925925925925926","0.377245508982036","0.654901960784314"
"harry-truman","#433018","0.0930232558139535","0.641791044776119","0.262745098039216"
"theodore-roosevelt","#4C3E2C","0.09375","0.421052631578947","0.298039215686275"
"jimmy-carter","#815B2A","0.0938697318007663","0.674418604651163","0.505882352941176"
"ronald-reagan","#684E2C","0.0944444444444445","0.576923076923077","0.407843137254902"
"harry-truman","#947751","0.0945273631840796","0.452702702702703","0.580392156862745"
"john-kennedy","#513C20","0.0952380952380952","0.604938271604938","0.317647058823529"
"william-taft","#745A37","0.0956284153005465","0.525862068965517","0.454901960784314"
"franklin-pierce","#664F30","0.095679012345679","0.529411764705882","0.4"
"warren-harding","#91662C","0.0957095709570957","0.696551724137931","0.568627450980392"
"bill-clinton","#2E261B","0.0964912280701754","0.41304347826087","0.180392156862745"
"warren-harding","#40301A","0.0964912280701754","0.59375","0.250980392156863"
"john-kennedy","#8B6B3F","0.0964912280701755","0.546762589928057","0.545098039215686"
"harry-truman","#9A7E57","0.0970149253731343","0.435064935064935","0.603921568627451"
"andrew-johnson","#3E2A0E","0.0972222222222222","0.774193548387097","0.243137254901961"
"abraham-lincoln","#1F1A13","0.0972222222222222","0.387096774193548","0.12156862745098"
"rutherford-hayes","#483C2B","0.0977011494252873","0.402777777777778","0.282352941176471"
"jimmy-carter","#704C19","0.0977011494252874","0.776785714285714","0.43921568627451"
"andrew-johnson","#251703","0.0980392156862745","0.918918918918919","0.145098039215686"
"calvin-coolidge","#7C633F","0.0983606557377049","0.491935483870968","0.486274509803922"
"woodrow-wilson","#5A4629","0.0986394557823129","0.544444444444444","0.352941176470588"
"john-adams","#6D5E48","0.0990990990990991","0.339449541284404","0.427450980392157"
"zachary-taylor","#A9895A","0.0991561181434599","0.467455621301775","0.662745098039216"
"harry-truman","#7D623A","0.0995024875621891","0.536","0.490196078431373"
"jq-adams","#3F2E14","0.10077519379845","0.682539682539683","0.247058823529412"
"harry-truman","#A3875C","0.10093896713615","0.43558282208589","0.63921568627451"
"ronald-reagan","#947E5C","0.101190476190476","0.378378378378378","0.580392156862745"
"theodore-roosevelt","#7C5D2D","0.10126582278481","0.637096774193548","0.486274509803922"
"theodore-roosevelt","#8D7043","0.101351351351351","0.524822695035461","0.552941176470588"
"lyndon-johnson","#AA9574","0.101851851851852","0.317647058823529","0.666666666666667"
"franklin-pierce","#4B3F2C","0.102150537634409","0.413333333333333","0.294117647058824"
"bill-clinton","#7F6234","0.102222222222222","0.590551181102362","0.498039215686275"
"herbert-hoover","#635237","0.102272727272727","0.444444444444444","0.388235294117647"
"bill-clinton","#87652E","0.102996254681648","0.659259259259259","0.529411764705882"
"john-adams","#938369","0.103174603174603","0.285714285714286","0.576470588235294"
"millard-fillmore","#736349","0.103174603174603","0.365217391304348","0.450980392156863"
"gerald-ford","#D0B07C","0.103174603174603","0.403846153846154","0.815686274509804"
"franklin-pierce","#57472D","0.103174603174603","0.482758620689655","0.341176470588235"
"woodrow-wilson","#69532F","0.103448275862069","0.552380952380952","0.411764705882353"
"abraham-lincoln","#5C4A2C","0.104166666666667","0.521739130434783","0.36078431372549"
"ronald-reagan","#433D33","0.104166666666667","0.238805970149254","0.262745098039216"
"zachary-taylor","#E2C087","0.104395604395604","0.402654867256637","0.886274509803922"
"rutherford-hayes","#352812","0.104761904761905","0.660377358490566","0.207843137254902"
"james-buchanan","#FCEBCE","0.105072463768116","0.182539682539683","0.988235294117647"
"herbert-hoover","#68573A","0.105072463768116","0.442307692307692","0.407843137254902"
"benjamin-harrison","#0C0801","0.106060606060606","0.916666666666667","0.0470588235294118"
"richard-nixon","#3F3118","0.106837606837607","0.619047619047619","0.247058823529412"
"dwight-eisenhower","#86672F","0.10727969348659","0.649253731343284","0.525490196078431"
"jq-adams","#504023","0.107407407407407","0.5625","0.313725490196078"
"abraham-lincoln","#B49A69","0.108888888888889","0.416666666666667","0.705882352941177"
"james-buchanan","#FEEECE","0.111111111111111","0.188976377952756","0.996078431372549"
"jimmy-carter","#0F0C06","0.111111111111111","0.6","0.0588235294117647"
"bill-clinton","#271D09","0.111111111111111","0.769230769230769","0.152941176470588"
"dwight-eisenhower","#84662A","0.111111111111111","0.681818181818182","0.517647058823529"
"lyndon-johnson","#7F796D","0.111111111111111","0.141732283464567","0.498039215686275"
"theodore-roosevelt","#3B2C0E","0.111111111111111","0.76271186440678","0.231372549019608"
"john-tyler","#766543","0.111111111111111","0.432203389830508","0.462745098039216"
"bill-clinton","#593E05","0.113095238095238","0.943820224719101","0.349019607843137"
"w-bush","#E1AE42","0.113207547169811","0.706666666666667","0.882352941176471"
"lyndon-johnson","#EDDFC1","0.113636363636364","0.185654008438819","0.929411764705882"
"theodore-roosevelt","#614A18","0.114155251141553","0.752577319587629","0.380392156862745"
"william-harrison","#221D12","0.114583333333333","0.470588235294118","0.133333333333333"
"dwight-eisenhower","#80621E","0.115646258503401","0.765625","0.501960784313725"
"gerald-ford","#DEC998","0.116666666666667","0.315315315315315","0.870588235294118"
"theodore-roosevelt","#81724F","0.116666666666667","0.387596899224806","0.505882352941176"
"richard-nixon","#5C4819","0.116915422885572","0.728260869565217","0.36078431372549"
"warren-harding","#33280E","0.117117117117117","0.725490196078431","0.2"
"william-taft","#3B3423","0.118055555555556","0.406779661016949","0.231372549019608"
"dwight-eisenhower","#57471E","0.119883040935673","0.655172413793103","0.341176470588235"
"warren-harding","#39321F","0.121794871794872","0.456140350877193","0.223529411764706"
"gerald-ford","#C0B38F","0.122448979591837","0.255208333333333","0.752941176470588"
"hw-bush","#695A2E","0.124293785310734","0.561904761904762","0.411764705882353"
"dwight-eisenhower","#72643A","0.125","0.491228070175439","0.447058823529412"
"abraham-lincoln","#5F563A","0.126126126126126","0.389473684210526","0.372549019607843"
"warren-harding","#483B11","0.127272727272727","0.763888888888889","0.282352941176471"
"warren-harding","#7F703F","0.127604166666667","0.503937007874016","0.498039215686275"
"franklin-roosevelt","#1F1A09","0.128787878787879","0.709677419354839","0.12156862745098"
"w-bush","#484331","0.130434782608696","0.319444444444444","0.282352941176471"
"bill-clinton","#3D330F","0.130434782608696","0.754098360655738","0.23921568627451"
"jq-adams","#756D4F","0.131578947368421","0.324786324786325","0.458823529411765"
"martin-van-buren","#11100C","0.133333333333333","0.294117647058824","0.0666666666666667"
"lyndon-johnson","#D6D0B5","0.136363636363636","0.154205607476636","0.83921568627451"
"warren-harding","#4C462A","0.137254901960784","0.447368421052632","0.298039215686275"
"lyndon-johnson","#DFD9BD","0.137254901960784","0.152466367713004","0.874509803921569"
"ronald-reagan","#54503A","0.141025641025641","0.30952380952381","0.329411764705882"
"w-bush","#363428","0.142857142857143","0.259259259259259","0.211764705882353"
"lyndon-johnson","#EBE6C8","0.142857142857143","0.148936170212766","0.92156862745098"
"richard-nixon","#2D2911","0.142857142857143","0.622222222222222","0.176470588235294"
"franklin-roosevelt","#1C1A0D","0.144444444444444","0.535714285714286","0.109803921568627"
"jimmy-carter","#454124","0.146464646464646","0.478260869565217","0.270588235294118"
"theodore-roosevelt","#100F07","0.148148148148148","0.5625","0.0627450980392157"
"richard-nixon","#282610","0.152777777777778","0.6","0.156862745098039"
"james-buchanan","#777663","0.158333333333333","0.168067226890756","0.466666666666667"
"james-buchanan","#45453A","0.166666666666667","0.159420289855072","0.270588235294118"
"lyndon-johnson","#8E8E73","0.166666666666667","0.190140845070423","0.556862745098039"
"franklin-roosevelt","#16170D","0.183333333333333","0.434782608695652","0.0901960784313725"
"barack-obama","#323520","0.19047619047619","0.39622641509434","0.207843137254902"
"barack-obama","#76823F","0.196517412935323","0.515384615384615","0.509803921568627"
"w-bush","#9CA57E","0.205128205128205","0.236363636363636","0.647058823529412"
"barack-obama","#3D4A33","0.260869565217391","0.310810810810811","0.290196078431373"
"barack-obama","#77AB62","0.285388127853881","0.426900584795322","0.670588235294118"
"james-buchanan","#222922","0.333333333333333","0.170731707317073","0.16078431372549"
"barack-obama","#70A272","0.34","0.308641975308642","0.635294117647059"
"barack-obama","#6AB381","0.385844748858447","0.407821229050279","0.701960784313725"
"james-buchanan","#677A6D","0.385964912280702","0.155737704918033","0.47843137254902"
"barack-obama","#3B6B4C","0.392361111111111","0.448598130841121","0.419607843137255"
"barack-obama","#376247","0.395348837209302","0.438775510204082","0.384313725490196"
"calvin-coolidge","#09120F","0.444444444444444","0.5","0.0705882352941176"
"james-madison","#080D0D","0.5","0.384615384615385","0.0509803921568627"
"w-bush","#304A54","0.546296296296296","0.428571428571429","0.329411764705882"
"william-taft","#0D1214","0.547619047619048","0.35","0.0784313725490196"
"w-bush","#6B818E","0.561904761904762","0.246478873239437","0.556862745098039"
"bill-clinton","#3E5B77","0.58187134502924","0.478991596638655","0.466666666666667"
"ronald-reagan","#688098","0.583333333333333","0.315789473684211","0.596078431372549"
"bill-clinton","#6C7E96","0.595238095238095","0.28","0.588235294117647"
"bill-clinton","#3B537B","0.604166666666667","0.520325203252032","0.482352941176471"
"ronald-reagan","#6B7A94","0.605691056910569","0.277027027027027","0.580392156862745"
"bill-clinton","#59606E","0.611111111111111","0.190909090909091","0.431372549019608"
"barack-obama","#433369","0.716049382716049","0.514285714285714","0.411764705882353"
"barack-obama","#7C61A0","0.738095238095238","0.39375","0.627450980392157"
"abraham-lincoln","#211820","0.851851851851852","0.272727272727273","0.129411764705882"
"james-buchanan","#110106","0.947916666666667","0.941176470588235","0.0666666666666667"
"james-buchanan","#18060B","0.953703703703704","0.75","0.0941176470588235"
"calvin-coolidge","#0D0507","0.958333333333333","0.615384615384615","0.0509803921568627"
"george-washington","#24181B","0.958333333333333","0.333333333333333","0.141176470588235"
"herbert-hoover","#2C030A","0.971544715447154","0.931818181818182","0.172549019607843"
"john-tyler","#130709","0.972222222222222","0.631578947368421","0.0745098039215686"
"grover-cleveland","#1E0507","0.986666666666667","0.833333333333333","0.117647058823529"
"martin-van-buren","#351718","0.994444444444444","0.566037735849057","0.207843137254902"
